detection_id,frame_id,x1,y1,x2,y2,track_id,confidence
D1,159,777,786,846,827,2,0.5922975540161133
D2,188,763,722,848,749,5,0.6870858073234558
D3,208,873,782,998,837,8,0.599922239780426
D4,228,908,774,990,797,15,0.5948914289474487
D5,309,783,775,880,847,21,0.5373698472976685
D6,351,666,727,826,857,25,0.5748502612113953
D7,440,635,704,818,796,26,0.5826507210731506
D8,481,856,728,973,797,27,0.6838143467903137
D9,519,936,705,1001,770,28,0.5634861588478088
