detection_id,predicted_frame_id,x1_predicted,y1_predicted,x2_predicted,y2_predicted,gt_id,gt_frame_id,iou
D1,0,245,122,481,283,P1,0,0.9264463
D2,20,2,67,198,153,P2,19,0.8732796
D7,60,108,29,269,104,P3,59,0.7280331
D21,300,78,62,526,301,P4,301,0.8098756
D32,457,114,94,444,219,P5,458,0.8766651
D38,517,278,64,451,109,P7,516,0.79846156
D51,689,0,20,67,49,P10,687,0.54226726
D64,920,171,99,397,360,P12,918,0.77850807
