detection_id,predicted_frame_id,x1_predicted,y1_predicted,x2_predicted,y2_predicted,gt_id,gt_frame_id,iou
D139,184,136,180,201,205,P2,184,0.9558824
D293,256,272,407,383,501,P1,255,0.89470077
D309,262,284,145,328,168,P4,262,0.9361702
D634,651,170,569,298,657,P5,651,0.87990344
D786,776,167,303,248,375,P6,776,0.9489088
