detection_id,predicted_frame_id,x1_predicted,y1_predicted,x2_predicted,y2_predicted,gt_id,gt_frame_id,iou
D16,231,170,225,259,264,P2,229,0.85056543
D18,251,271,388,373,468,P1,251,0.69970846
D27,371,248,499,371,617,P4,372,0.8509498
D37,581,180,277,244,304,P5,582,0.7083333
D50,781,124,304,211,379,P6,781,0.8717241
