detection_id,predicted_frame_id,x1_predicted,y1_predicted,x2_predicted,y2_predicted,gt_id,gt_frame_id,iou
D1,0,245,122,481,283,P1,0,0.9264463
D2,20,14,68,185,154,P2,19,0.86879206
D3,40,28,24,112,92,P3,38,0.5425
D4,154,273,13,405,44,P4,153,0.6354539
D7,358,108,1,317,35,P5,356,0.75707835
D8,379,217,9,341,29,P7,377,0.8370429
D11,612,355,24,453,63,P9,611,0.6095694
D14,686,4,19,43,52,P10,685,0.5573917
