detection_id,predicted_frame_id,x1_predicted,y1_predicted,x2_predicted,y2_predicted,gt_id,gt_frame_id,iou
D5,4,258,123,495,282,P1,3,0.9648638
D22,23,23,67,213,151,P2,22,0.92230576
D36,32,0,36,66,101,P3,33,0.88531905
D313,233,240,127,476,192,P4,235,0.84374595
D762,523,0,206,364,359,P5,523,0.9604791
D770,527,229,82,410,131,P7,526,0.85595787
D839,613,352,25,447,65,P9,614,0.6060606
D1025,717,5,0,134,16,P10,715,0.9847328
D1219,963,182,177,419,360,P12,961,0.8359743
