detection_id,predicted_frame_id,x1_predicted,y1_predicted,x2_predicted,y2_predicted,gt_id,gt_frame_id,iou
D1,0,449,512,715,706,P1,0,0.862179
D7,455,79,199,369,326,P2,457,0.84471786
D9,528,536,348,676,414,P3,526,0.8905944
D11,661,434,155,517,187,P9,661,0.5482558
D12,688,482,258,620,298,P7,686,0.562639
D13,710,133,207,269,280,P8,709,0.80563605
D16,974,234,825,464,1279,P6,972,0.6063442
D20,1253,306,921,472,1279,P10,1251,0.7095755
D21,1444,475,229,574,271,P12,1442,0.8186628
