detection_id,predicted_frame_id,x1_predicted,y1_predicted,x2_predicted,y2_predicted,gt_id,gt_frame_id,iou
D10,118,12,83,65,100,P2,118,0.7673745
D16,224,233,306,313,357,P1,222,0.65294117
D19,242,286,130,325,149,P4,241,0.6854764
D29,582,181,279,245,306,P5,582,0.7083333
D33,664,108,41,151,68,P6,665,0.8888889
