detection_id,predicted_frame_id,x1_predicted,y1_predicted,x2_predicted,y2_predicted,gt_id,gt_frame_id,iou
D5,111,17,83,69,100,P2,110,0.75435203
D10,235,273,338,361,396,P1,233,0.52194357
D11,255,281,138,324,160,P4,255,0.87511563
D22,657,180,629,337,740,P5,656,0.604866
D24,697,110,142,162,179,P6,696,0.8087432
